p_val,avg_log2FC,pct.1,pct.2,p_val_adj
NKG7,2.33388071573067e-36,3.38212910909739,0.902,0.201,3.48891828194578e-32
CCL5,1.15540354283615e-45,3.30393410556014,0.976,0.198,1.72721275618576e-41
IL32,1.40384708552018e-75,3.08944626887823,0.902,0.08,2.09861100814411e-71
GNLY,2.16986036100129e-29,2.92190371625105,0.537,0.071,3.24372425366083e-25
GZMA,1.44884677546474e-107,2.54186151884412,0.829,0.037,2.16588104464225e-103
GZMK,1.71177751950124e-109,2.23098802340337,0.561,0.012,2.5589362139024e-105
CD3E,7.18923648824388e-80,2.22888818566348,0.902,0.072,1.07471896262758e-75
IL7R,1.6141859178093e-42,2.14460543508954,0.61,0.061,2.41304652853312e-38
CST7,2.89575800144206e-97,2.13162010879156,0.878,0.051,4.32886863635574e-93
GZMH,9.58060318022944e-90,2.07891888292772,0.659,0.027,1.4322043694125e-85
CD3G,3.84737092293089e-86,2.03502987032792,0.878,0.059,5.75143479268938e-82
ETS1,4.3462606615369e-66,1.87263151574158,0.976,0.105,6.49722506293151e-62
TRAC,2.58639475321853e-83,1.81546458583738,0.854,0.057,3.86640151658638e-79
TRBC2,3.92440535711678e-71,1.80657158322014,0.878,0.074,5.86659356835387e-67
SYNE2,7.75848163520552e-75,1.75955904516071,0.829,0.062,1.15981541964687e-70
CD3D,1.06861481164306e-82,1.75438445748298,0.878,0.061,1.5974722819252e-78
CD2,6.64672085582003e-60,1.729693863241,0.829,0.082,9.93618300736537e-56
CD8A,2.27342770198689e-118,1.71003053802662,0.732,0.023,3.39854707170019e-114
CTSW,1.43272754703563e-82,1.57945356935408,0.829,0.054,2.14178441006356e-78
GZMM,7.11830224557817e-104,1.57430533010818,0.878,0.046,1.06411500269148e-99
BCL11B,9.31144620621533e-66,1.55112716685674,0.854,0.074,1.39196809336713e-61
FGFBP2,1.66375048513606e-73,1.54758832530222,0.537,0.021,2.48714060022989e-69
PRKCH,1.09134680194005e-82,1.39707646942581,0.902,0.067,1.63145433422019e-78
TRBC1,9.00925390679449e-51,1.38964941794023,0.634,0.052,1.34679336652671e-46
KLRD1,6.30713031978918e-94,1.3792777327113,0.683,0.027,9.42852911505285e-90
RORA,2.28586571995665e-85,1.36962847792934,0.805,0.047,3.4171406647632e-81
KLRB1,1.05119035690941e-20,1.32850045317179,0.293,0.028,1.57142446454388e-16
LYAR,1.10394906110461e-23,1.29695867632986,0.732,0.169,1.65029345144528e-19
CLEC2D,5.6155387428916e-37,1.28177058556896,0.829,0.137,8.39466886674865e-33
SYNE1,1.24998738050848e-27,1.27888018290118,0.805,0.174,1.86860613512212e-23
ARL4C,7.99545814690652e-23,1.27309606506124,0.976,0.327,1.19524103838106e-18
SLC38A1,1.50278291811836e-68,1.26931761829731,0.878,0.078,2.24651018429513e-64
DUSP2,5.12614169932417e-18,1.26651248143546,0.78,0.241,7.6630692263197e-14
PIK3R1,2.26250308413503e-11,1.23724116233157,0.805,0.399,3.38221586047346e-07
SKAP1,1.51851597448927e-92,1.21934293522746,0.78,0.04,2.27002953026401e-88
CD8B,4.33984778848426e-95,1.21058710094461,0.61,0.02,6.48763845900512e-91
SAMD3,1.32457237447182e-89,1.19941040736632,0.683,0.03,1.98010324259792e-85
LCK,1.21296781266775e-74,1.19705329405159,0.756,0.048,1.81326558315702e-70
GYPC,1.82448303890463e-21,1.1374488485627,0.902,0.297,2.72741969485853e-17
C12orf75,7.34752185428529e-37,1.13360765679566,0.707,0.095,1.09838104199711e-32
PRF1,6.31894052247611e-59,1.12595901472417,0.537,0.029,9.44618418704953e-55
CD7,5.92988795523715e-30,1.1043612104003,0.732,0.125,8.86458950428402e-26
IL2RG,4.05552499783586e-13,1.09375019952613,0.805,0.323,6.06260431926483e-09
TLE5,2.96082071539552e-14,1.09234738625323,0.951,0.712,4.42613088744476e-10
STK17A,4.08441605336546e-25,1.08974256222389,0.683,0.135,6.10579355817603e-21
CMC1,2.37514628606662e-10,1.06405413050648,0.439,0.127,3.55060618304098e-06
CD247,1.15330407979381e-67,1.06347663175542,0.707,0.047,1.72407426888377e-63
RNF125,1.45370309014439e-17,1.06240695108844,0.659,0.161,2.17314074945684e-13
RUNX3,5.62607109779284e-14,1.05606511089943,0.756,0.284,8.41041368409051e-10
EVL,1.19111871481142e-13,1.01381635290409,0.927,0.412,1.78060336677159e-09
GZMB,1.95942822340955e-35,1.01319581150455,0.366,0.023,2.92914925117494e-31
SPOCK2,8.91499535555342e-62,1.00105071455189,0.683,0.049,1.33270265570168e-57
CALM1,2.74296995051921e-16,0.998416331846706,1,0.862,4.10046577903117e-12
PYHIN1,1.75164540500532e-82,0.997131558467771,0.585,0.022,2.61853471594246e-78
TCF7,5.98313226520417e-28,0.990666186875713,0.61,0.089,8.94418442325371e-24
ABHD17A,4.9471173139328e-14,0.959724292455847,0.902,0.455,7.39544567259814e-10
MYBL1,4.4577303864387e-46,0.954359885700753,0.415,0.022,6.66386115468722e-42
CD99,3.74895092920007e-10,0.953735841339676,0.878,0.518,5.60430674406118e-06
SEPTIN7,2.89784399455561e-13,0.949794928176766,1,0.741,4.33198698746118e-09
TRGC2,3.55412044061392e-61,0.935031062346509,0.439,0.017,5.31305464667374e-57
SLFN5,2.670733373518e-17,0.924481094150093,0.829,0.253,3.99247932007206e-13
IKZF3,1.89013674767707e-77,0.906391305306599,0.683,0.037,2.82556542410245e-73
IFITM1,2.54410401541063e-13,0.904955817390565,0.61,0.178,3.80318109263735e-09
PRDM1,7.70587911125109e-42,0.90403793275555,0.634,0.064,1.15195186834093e-37
PPP2R5C,1.11148613932095e-10,0.894702349167261,0.927,0.648,1.66156062967089e-06
CD81,2.16638054797782e-13,0.892624463570814,0.78,0.316,3.23852228117205e-09
PCSK7,1.1302897158313e-11,0.890999530282679,0.805,0.386,1.68967009619621e-07
CD96,5.82468944174482e-46,0.890915975397567,0.537,0.041,8.70732824646434e-42
EML4,1.81211883446684e-17,0.887188916651976,0.854,0.296,2.70893644564449e-13
DDX24,8.81945345926204e-12,0.868210941932522,0.927,0.43,1.31842009762508e-07
STAT4,3.48229152347438e-71,0.867608513897901,0.634,0.034,5.20567759844185e-67
LAT,1.82936284790758e-33,0.858154251395328,0.659,0.089,2.73471452133704e-29
LEPROTL1,5.09883788174254e-11,0.850534726023634,0.951,0.495,7.62225274941693e-07
C1orf56,2.31400625282415e-09,0.849273637290143,0.902,0.491,3.45920794734682e-05
CD69,9.49453420634436e-27,0.840267247238692,0.537,0.072,1.41933791850642e-22
ISG20,6.90182960274756e-17,0.833697736839236,0.732,0.214,1.03175450731473e-12
SH2D1A,3.97519002563817e-80,0.833617999376546,0.585,0.024,5.94251156932651e-76
CLIC3,6.65132223706345e-29,0.826453404584497,0.366,0.03,9.94306161218615e-25
OPTN,6.45602110855388e-57,0.823593969611273,0.659,0.047,9.65110595517719e-53
PTPN4,2.33951805777404e-22,0.82140148037045,0.585,0.103,3.49734554456641e-18
GCC2,9.67007774879586e-11,0.820630014619776,0.854,0.422,1.44557992266749e-06
NOSIP,2.2698619519195e-09,0.818327356437618,0.707,0.299,3.39321663192446e-05
CLDND1,8.06139002148073e-12,0.809687973235543,0.683,0.223,1.20509719431115e-07
RASGRP1,5.84823408588245e-47,0.796743868818363,0.512,0.035,8.74252513498567e-43
BIN1,3.6456639643179e-27,0.792457251766864,0.634,0.102,5.44990306025883e-23
HOPX,2.091559940937e-33,0.780899291857739,0.39,0.029,3.12667295570673e-29
KLF2,3.36062796588837e-09,0.77732591985439,1,0.716,5.02380274620652e-05
LITAF,1.50382978064928e-08,0.775121871402962,0.976,0.653,0.00022480751390926
ITM2A,2.57644278708873e-41,0.775045206100193,0.488,0.037,3.85152432241895e-37
ZFP36L2,2.48403916042709e-07,0.771161057503343,1,0.853,0.00371339014092245
LDHB,3.10635485879142e-07,0.768085599212399,0.854,0.479,0.00464368987840729
KLRG1,4.46030920495465e-43,0.762351744954965,0.463,0.032,6.6677162304867e-39
C12orf57,5.81082101461867e-12,0.754018123358651,0.878,0.358,8.68659633475346e-08
ATM,1.54861691352651e-08,0.74530654425493,0.902,0.522,0.000231502742403077
SPTBN1,4.8804967961891e-32,0.740943539445862,0.659,0.091,7.29585466062309e-28
TC2N,6.37183224233735e-34,0.738046488139074,0.488,0.046,9.5252520190701e-30
RHOH,1.96861788315061e-47,0.72619746648355,0.561,0.042,2.94288687352185e-43
AAK1,7.80983310500985e-10,0.725782105616426,0.878,0.442,1.16749195086792e-05
MGAT4A,5.29320506561592e-11,0.71789665435239,0.659,0.217,7.91281225258923e-07
ITK,1.1116006477339e-55,0.712497488047772,0.561,0.035,1.66173180829741e-51
FKBP11,7.10440356608892e-29,0.704309827747812,0.585,0.078,1.06203728909463e-24
EMB,5.64116829376871e-08,0.703943670775881,0.854,0.453,0.000843298248235484
CEP78,2.93402247992433e-17,0.694794366497404,0.439,0.074,4.38607020523888e-13
RPSA,1.45271599051251e-09,0.691880891698533,1,0.944,2.17166513421716e-05
TGFBR3,3.3556539149279e-36,0.681826399843971,0.366,0.023,5.01636703742572e-32
MLLT6,1.26193251967955e-15,0.681322347673071,0.707,0.2,1.88646292366896e-11
SPON2,3.60023087949506e-18,0.674773335515744,0.317,0.037,5.38198514175717e-14
CAMK4,6.24181076119459e-40,0.674753151637109,0.512,0.041,9.33088290690979e-36
CD6,1.30281545524752e-34,0.673246302454169,0.463,0.041,1.94757882404951e-30
TRDC,2.05170881673856e-28,0.671040785342853,0.244,0.012,3.06709951014247e-24
ODF2L,2.79914326698221e-22,0.667353425339018,0.634,0.118,4.18443926981171e-18
DDX6,8.18311577453556e-09,0.665422954537171,0.927,0.561,0.000122329397713532
HCST,1.50800732023267e-07,0.65968907785274,0.976,0.802,0.00225432014301582
GIMAP7,1.10237469776276e-10,0.657382157106013,0.659,0.211,1.64793993568554e-06
SEPTIN6,5.49360532513868e-09,0.657238347092742,0.854,0.436,8.21239060054981e-05
ADGRG1,1.5448561513407e-44,0.647050097382811,0.341,0.015,2.30940546063921e-40
NPM1,3.77679035164173e-07,0.642662533740326,0.976,0.803,0.00564592389666922
PNISR,1.82024727529047e-07,0.638412889801298,0.951,0.761,0.00272108765183173
RPS27,1.30014071361889e-12,0.635079689217434,1,0.999,1.94358035278889e-08
CDC42SE2,2.77369779327989e-08,0.634843264364456,0.976,0.618,0.000414640083117411
PIP4K2A,8.69142163033064e-08,0.633950090629981,0.854,0.465,0.00129928061951813
ANKRD12,6.83829267480368e-07,0.632621122494398,0.927,0.585,0.010222563719564
FUS,4.95338836452836e-07,0.63195301943774,1,0.754,0.00740482026613344
EPB41,3.67788606332417e-09,0.628193341616252,0.829,0.383,5.49807187606331e-05
CCL4,3.80440785814499e-38,0.623605468313193,0.39,0.024,5.68720930714094e-34
ACAP1,4.41396709895155e-11,0.623134079515455,0.634,0.217,6.59843941622267e-07
SUN2,7.02079059426853e-07,0.619575352209144,0.78,0.407,0.010495379859372
FCMR,3.96558691580743e-32,0.618309055563151,0.463,0.044,5.92815588044053e-28
FAM177A1,3.21981789299448e-06,0.612607120324086,0.463,0.193,0.0481330576823745
CD52,1.5290758217067e-06,0.611439740743985,1,0.827,0.0228581544586935
ARHGAP15,2.95762449907696e-15,0.61117393047936,0.732,0.202,4.42135286367015e-11
PARP8,4.09949473849949e-09,0.61079168571148,0.78,0.336,6.12833468458288e-05
LBH,1.82560462497376e-34,0.610672034035213,0.463,0.041,2.72909635387328e-30
TERF1,1.50190957214211e-10,0.604755307836245,0.61,0.2,2.24520461939524e-06
PRRC2C,5.59200144788041e-07,0.604316884825439,0.976,0.723,0.00835948296443643
CEMIP2,6.2995914569391e-15,0.604080781490542,0.78,0.213,9.41725926897826e-11
IL2RB,1.37753344071961e-44,0.59710420110485,0.39,0.02,2.05927474053174e-40
FYN,2.4848630541964e-07,0.590824409497909,0.951,0.564,0.0037146217797182
B2M,1.61787421516487e-13,0.587425218547941,1,1,2.41856016424996e-09
HLA-C,5.38737801835875e-07,0.587074435782806,1,0.98,0.0080535913996445
CCSER2,8.53812743205258e-11,0.584157983651918,0.61,0.193,1.27636466981754e-06
VAMP2,2.90850856282441e-07,0.583977084163222,0.927,0.628,0.00434792945056621
SYAP1,4.88713439543678e-08,0.580988511685588,0.756,0.337,0.000730577720773844
MYL12A,2.59929200227357e-07,0.579648817809502,1,0.903,0.00388568161419877
MATK,8.14438868984028e-50,0.57724895005232,0.488,0.029,1.21750466524422e-45
APMAP,4.8502091242051e-11,0.571167490300673,0.585,0.175,7.2505776197742e-07
PITPNC1,4.69083894828255e-11,0.568943623320115,0.61,0.191,7.01233514378759e-07
RPS3,2.50598077514469e-09,0.567533958423037,1,0.991,3.74619066076379e-05
NCL,2.95624413355457e-06,0.566369509194146,1,0.753,0.0441928935525073
MBP,1.22558150930343e-08,0.564688391273852,0.976,0.482,0.00018321217982577
NOP58,2.88395382573614e-14,0.559402521727896,0.707,0.204,4.31122257409295e-10
HSP90AA1,8.77598358685979e-07,0.553122125753656,0.976,0.867,0.0131192178639967
CD27,1.73171480889287e-27,0.551946425227121,0.317,0.024,2.58874046781396e-23
FCRL6,4.86660820156924e-50,0.548904483062347,0.366,0.015,7.27509260052586e-46
CNOT6L,3.52049045683154e-08,0.548140279229518,0.854,0.408,0.000526278118391746
NCK1,1.84944556589658e-11,0.543679473220826,0.707,0.225,2.76473617645879e-07
NFATC3,3.22611488392329e-08,0.543275753488285,0.732,0.316,0.000482271913997693
RBM38,3.61343358770001e-11,0.537274301490969,0.61,0.183,5.40172187025274e-07
COL6A2,1.05565983306959e-60,0.532979325232912,0.341,0.009,1.57810588445573e-56
OCIAD2,4.74040116527432e-25,0.532621088009445,0.439,0.052,7.08642570196858e-21
THEMIS,9.52550644945259e-42,0.531116659539361,0.39,0.022,1.42396795912867e-37
RPS29,9.18302701648173e-10,0.53076054766824,1,0.994,1.37277070869385e-05
TENT5C,1.31038497549547e-45,0.528014700823998,0.39,0.019,1.95889449986818e-41
TFDP2,1.71639606278046e-13,0.526047336956401,0.439,0.092,2.5658404742505e-09
APBA2,6.2372388072895e-49,0.525067894626201,0.463,0.026,9.32404829301707e-45
RHOF,5.88272739299683e-07,0.524145854967988,0.707,0.327,0.00879408917979096
PRKACB,1.728434023241e-10,0.523444605607427,0.512,0.151,2.58383602134296e-06
ZNF683,3.75919686573834e-57,0.522514621160001,0.22,0.002,5.61962339459225e-53
EAPP,1.17216798577643e-06,0.519675565812044,0.756,0.388,0.0175227392193718
PRDX2,3.63617852530861e-10,0.519469214755398,0.683,0.237,5.43572327748384e-06
DHX36,2.43748482817009e-06,0.518875926643496,0.732,0.356,0.0364379606963146
ATG2A,4.07991609411807e-07,0.518487071998162,0.561,0.223,0.00609906656909711
BCL9L,7.86892944059391e-17,0.517104018515792,0.537,0.106,1.17632626207438e-12
TUT4,1.6205329501884e-13,0.516838867526331,0.634,0.163,2.42253470723664e-09
ZNF331,7.47853162940194e-12,0.516484190355412,0.366,0.074,1.1179656932793e-07
SNRPN,7.42381599797641e-14,0.515491994934851,0.512,0.118,1.10978625353749e-09
CDC25B,4.24763037098863e-21,0.51524511007576,0.463,0.068,6.3497826415909e-17
MIF,5.15308383791598e-07,0.512576857219957,0.829,0.441,0.0077033450293006
TSPYL2,3.1419874335608e-09,0.510250802170086,0.366,0.09,4.69695701443004e-05
NFATC2,1.4193076129846e-35,0.509768934887415,0.39,0.027,2.12172295065068e-31
CBLB,4.91475495946165e-13,0.508057297834865,0.439,0.095,7.34706718889922e-09
SYTL3,3.57126696437257e-11,0.507939364279403,0.415,0.097,5.33868698504056e-07
ZNF276,3.60844410995914e-08,0.507469537867973,0.488,0.165,0.000539426309997792
TRAPPC2,9.54472987536856e-19,0.506891604739955,0.659,0.135,1.42684166906885e-14
ARID5B,5.85285473451045e-08,0.506670778074549,0.439,0.138,0.000874943254261967
RPL3,2.14801954740458e-06,0.505507344470351,1,0.971,0.0321107442141511
SPTAN1,2.89818602287623e-09,0.504262473548999,0.585,0.204,4.33249828559768e-05
TNIK,2.28577943452517e-20,0.503092520524409,0.39,0.049,3.41701167667167e-16
MTERF4,3.97284625997184e-12,0.502020089555342,0.61,0.177,5.9390078740319e-08
USP28,2.37437959596509e-12,0.501908560423623,0.415,0.087,3.54946005800822e-08
NCK2,1.04034516902958e-13,0.500311861123528,0.634,0.163,1.55521199318232e-09
NUCB2,4.01241088442111e-07,0.497431193122225,0.439,0.154,0.00599815303112112
RICTOR,9.30262665601496e-07,0.493491298015614,0.829,0.413,0.0139064965880768
NLRC5,3.75440162092506e-07,0.493454543395877,0.61,0.262,0.00561245498312087
MECP2,1.8338169194457e-07,0.489891712065167,0.829,0.403,0.00274137291287937
CHST12,5.85956376713834e-12,0.489062503774522,0.463,0.11,8.7594618754951e-08
NCR3,1.82390109221282e-32,0.483924426031964,0.268,0.013,2.72654974274894e-28
CD47,7.01085081387506e-07,0.482836284281121,0.927,0.499,0.0104805208816618
ZNF394,1.46330176398212e-06,0.481583765838058,0.634,0.292,0.0218748980697687
CYFIP2,1.25623450159399e-07,0.479480018379752,0.561,0.216,0.00187794495643285
SEPTIN1,8.27265986269747e-10,0.478693289253448,0.561,0.173,1.23667992287464e-05
USP36,1.17410017022357e-06,0.478579048577426,0.439,0.16,0.0175516234446721
KLRC4,2.12733160039449e-61,0.474878808314055,0.268,0.004,3.18014800942972e-57
P2RY8,5.21262534328349e-07,0.474128396783252,0.561,0.223,0.00779235362567449
ERN1,1.02039138938165e-09,0.473042574710084,0.463,0.132,1.52538308798663e-05
MED6,1.18242727914933e-10,0.471528077439024,0.561,0.164,1.76761053960034e-06
GK5,1.97053178081077e-06,0.470341356839932,0.463,0.168,0.0294574795913402
HLA-F,1.97755797135513e-06,0.467782658612007,0.951,0.572,0.0295625141137878
NAP1L4,1.12096924172233e-07,0.467193950381036,0.707,0.29,0.00167573691945071
RPL23A,7.96944855740448e-07,0.463682628344563,1,0.984,0.011913528648464
KIF20B,2.24102296752811e-12,0.460737575499375,0.415,0.087,3.35010523415778e-08
MED4,1.91366584747109e-06,0.459906133153544,0.707,0.343,0.0286073907538453
PTPN22,6.06083402320459e-11,0.459108245876782,0.537,0.148,9.06034078128855e-07
SLC4A7,2.03852535803026e-09,0.458662685913344,0.512,0.151,3.04739155771943e-05
RPS15A,3.73328191414043e-09,0.457093276730311,1,0.995,5.58088313344853e-05
CREM,5.11708761461007e-08,0.451429837310366,0.366,0.1,0.000764953427508059
VPS37B,2.64610135546904e-06,0.451359042857298,0.488,0.19,0.0395565691629068
GATA3,2.40067065815122e-38,0.450719559343451,0.317,0.015,3.58876256687026e-34
PRKCQ,8.83869264453775e-31,0.450405716050101,0.317,0.021,1.32129616343195e-26
ITGAL,3.23594770302119e-06,0.450184532902695,0.927,0.501,0.0483741822124638
PTMS,1.51459101800407e-06,0.449460142298742,0.341,0.106,0.0226416211281429
ZAP70,1.74929732192303e-28,0.448192213086587,0.39,0.034,2.61502456654274e-24
HIST1H1D,2.00357946852705e-08,0.446335759896378,0.463,0.143,0.000299515094750109
KLRF1,1.4563754602324e-14,0.443872395418678,0.195,0.018,2.17713567550141e-10
TOPORS,5.66109591432216e-08,0.44251370971358,0.585,0.205,0.00084627722823202
SYNRG,1.18880803895846e-06,0.441965050823234,0.512,0.2,0.01777149137439
BUB3,9.45847192333767e-08,0.43857255760158,0.707,0.292,0.00141394696781975
NELFCD,3.25427410313238e-09,0.438354863603791,0.512,0.16,4.86481435677259e-05
AP3M2,2.78797993617581e-15,0.438251031606903,0.268,0.032,4.16775120658921e-11
ATXN7L3B,1.29626134660158e-06,0.437925031650347,0.585,0.246,0.019377810870347
TMEM243,2.4314493783558e-07,0.43719562217071,0.634,0.269,0.00363477367570408
LEF1,6.52780644218938e-23,0.433579852595778,0.366,0.038,9.7584178504289e-19
ERGIC2,1.23552599766084e-09,0.432680198633229,0.488,0.141,1.8469878139032e-05
PTPN7,2.33755304929765e-08,0.432514405829099,0.39,0.108,0.000349440805339505
PIK3IP1,2.92342046999186e-08,0.430284356529961,0.512,0.172,0.000437022126059084
C16orf54,5.86544625558461e-08,0.428259531051406,0.61,0.215,0.000876825560747344
C1orf21,3.72510207112457e-23,0.427156696534586,0.293,0.024,5.56865508612412e-19
PDCD2,2.13119673341212e-07,0.426183706990798,0.78,0.346,0.00318592599677777
PCED1B,8.42138154479775e-21,0.424400153032399,0.268,0.023,1.25891232713182e-16
MED17,9.91484943855516e-07,0.421819465138549,0.463,0.168,0.0148217084256961
S1PR5,2.29275416054004e-33,0.420044064395913,0.268,0.012,3.42743819459131e-29
TMED4,6.26994755329616e-07,0.419726263559447,0.683,0.297,0.00937294459742243
MCTP2,4.05953134243478e-07,0.419479108484873,0.341,0.095,0.00606859340380576
KLHDC4,3.44834007966965e-10,0.419160081415208,0.366,0.085,5.15492358509816e-06
EOMES,2.77207967413637e-59,0.417334588990116,0.293,0.006,4.14398190486645e-55
ASXL1,2.034772454205e-09,0.415795429520721,0.61,0.204,3.04178134179106e-05
TMEM181,4.9276446803949e-08,0.413661063777785,0.415,0.12,0.000736633603272234
TSTD1,1.10255280645591e-08,0.412700379999255,0.561,0.187,0.000164820619037094
TRAT1,2.38368946354591e-34,0.411663445545193,0.341,0.021,3.56337737905479e-30
PRMT2,1.86111945374035e-06,0.41045415346302,0.829,0.398,0.0278218747139645
MSI2,1.93483558805057e-09,0.408952225226357,0.585,0.188,2.8923857205768e-05
P2RY10,6.65074835563974e-18,0.407180251571013,0.317,0.038,9.94220371684584e-14
SP140,8.73860246510658e-08,0.405554357587294,0.39,0.115,0.00130633368250878
PRKX,1.37992338324704e-06,0.404472103926991,0.732,0.33,0.02062847465616
CREBZF,1.72069056391892e-08,0.402133490641616,0.585,0.2,0.000257226032400239
GPR174,1.25368507211077e-13,0.399799016144944,0.317,0.049,1.8741338142984e-09
PATL2,7.44952810619108e-17,0.398644452915491,0.341,0.045,1.1136299565945e-12
H3F3B,1.68169101566447e-06,0.397924838805396,1,0.988,0.0251395989931681
ZMYND8,7.95408042563682e-09,0.394462978836537,0.488,0.148,0.000118905548282845
BCL2,2.95364814440287e-07,0.393779791376296,0.268,0.064,0.00441540861106785
GRAP2,5.6192586204481e-17,0.392029247797485,0.439,0.071,8.40022971170787e-13
SLFN12L,6.32774184513385e-36,0.390798758431012,0.341,0.019,9.45934128429059e-32
SFXN1,9.10030382421217e-16,0.387764341967844,0.561,0.115,1.36040441868148e-11
CCND2,4.86372437092278e-10,0.384753059385192,0.39,0.092,7.27078156209246e-06
TIPARP,2.20061212912243e-07,0.383002836301822,0.415,0.128,0.00328969507182512
WHAMM,7.37347829799017e-07,0.382918066245627,0.585,0.233,0.0110226127076655
ZBTB38,3.98840447806155e-07,0.381342399129174,0.488,0.17,0.00596226585425422
TECR,1.40216068144816e-06,0.379724162245678,0.634,0.264,0.0209609000269686
CD5,5.79457846961878e-32,0.37888081571483,0.317,0.019,8.66231535423312e-28
DLG1,1.47019291003014e-06,0.378373516255894,0.561,0.224,0.0219779138120406
MAGOHB,3.6918966290926e-07,0.377387547841445,0.341,0.098,0.00551901627083053
MRPS5,1.82478783631137e-06,0.376883043510067,0.683,0.304,0.0272787533650187
ELP2,7.76193953334216e-09,0.376326945282094,0.585,0.198,0.000116033234083932
MIB2,1.11218328427705e-12,0.374982990495857,0.439,0.092,1.66260279166576e-08
TNRC6C,2.56067236734003e-15,0.373047035626282,0.341,0.049,3.82794912193661e-11
PSIP1,7.31517295349278e-07,0.371780056720287,0.732,0.32,0.0109354520481764
SACM1L,3.29835575741484e-06,0.368600023244953,0.488,0.185,0.0493071202175944
PTGDR,8.0313694768253e-29,0.360595295385353,0.195,0.007,1.20060942309061e-24
OFD1,9.23534908886371e-13,0.357503145363525,0.488,0.11,1.38059233529424e-08
CHD3,3.14403185928778e-06,0.357018855013645,0.561,0.232,0.047000132264493
OXNAD1,1.47720773626357e-19,0.356968741250755,0.341,0.039,2.2082778449404e-15
TBX21,5.3805651541005e-19,0.356257654701941,0.22,0.016,8.04340684886483e-15
TSEN15,8.79361005861304e-12,0.355850321042818,0.488,0.118,1.31455676766206e-07
TMEM120B,3.28414591181496e-07,0.352482515028469,0.415,0.131,0.00490946972357218
HIST1H1E,4.51842626662211e-08,0.352370061968258,0.512,0.168,0.000675459542597339
NAE1,2.19664362159681e-09,0.351934540585032,0.366,0.088,3.28376254992507e-05
TIGIT,1.89190643045002e-34,0.351833359158823,0.268,0.012,2.82821092287973e-30
PBXIP1,2.82751042121517e-09,0.351291970784509,0.463,0.129,4.22684532867456e-05
ZNF32,1.65883557240084e-10,0.351152044146613,0.463,0.118,2.47979329718201e-06
MRPL10,2.89079934379101e-06,0.349838176846204,0.463,0.17,0.0432145593903318
KIF21A,1.43416768185104e-51,0.348515745567297,0.293,0.008,2.14393726759913e-47
AGK,8.53523545991988e-14,0.34719615774426,0.341,0.056,1.27593234890342e-09
RUVBL1,1.33816734405312e-08,0.347010651943189,0.341,0.083,0.000200042636262502
GPRIN3,9.68201600545658e-07,0.344917725882826,0.439,0.149,0.014473645726557
NSMCE3,1.85182933243203e-06,0.344385630096648,0.463,0.167,0.0276829966905264
ESF1,2.55917655169839e-06,0.342451343535988,0.415,0.141,0.0382571302713392
CD226,5.44201690986294e-08,0.340481211255382,0.317,0.077,0.000813527107855412
VPS13A,4.48505922980544e-09,0.339048429676571,0.366,0.088,6.70471504263616e-05
TSEN54,1.5434147356175e-12,0.338396460206554,0.341,0.061,2.30725068827459e-08
SYTL2,5.75957530427946e-19,0.337104941429672,0.22,0.016,8.60998912236736e-15
RBM43,3.82412072513228e-09,0.336947380162865,0.39,0.098,5.71667807200024e-05
CDC14A,1.47325839323579e-07,0.336850685121574,0.415,0.122,0.00220237397204818
GLCCI1,1.41502264213806e-10,0.333957347684897,0.244,0.038,2.11531734773218e-06
MAF,1.79498933707326e-10,0.332518112506045,0.341,0.068,2.68332955999081e-06
TMEM238,3.06002827721188e-10,0.331684694289012,0.341,0.072,4.57443627160404e-06
BCAS2,4.40524293829041e-07,0.331632080043611,0.537,0.197,0.00658539766845034
ABLIM1,2.1837966440245e-17,0.328180378897045,0.317,0.038,3.26455760315223e-13
PRRC2B,2.72922482199696e-06,0.327231398274316,0.683,0.301,0.0407991818640325
IMP3,8.49022667575245e-07,0.327185010590785,0.683,0.283,0.0126920398575823
PILRB,1.02965599289798e-10,0.326498740945492,0.39,0.087,1.53923274378319e-06
STMN1,9.75332397850178e-07,0.325149381706536,0.22,0.048,0.0145802440154623
SBK1,5.06261093486405e-24,0.323867416091596,0.22,0.012,7.56809708652827e-20
SS18L2,1.19968439492124e-06,0.323063286372664,0.585,0.223,0.0179340820196777
TRABD2A,1.0706327645141e-09,0.322930894732705,0.244,0.042,1.60048891967212e-05
RSBN1L,1.54944464144295e-06,0.319669981751754,0.561,0.216,0.0231626479449306
DGKA,3.71461769645381e-08,0.31909943638661,0.415,0.116,0.00055529819944288
LLGL2,3.90353898303249e-20,0.318764353200171,0.244,0.019,5.83540042573527e-16
BRD1,1.04374097462477e-06,0.31797160740622,0.439,0.145,0.0156028838296657
MCOLN2,3.01223748662414e-12,0.317878265206087,0.22,0.028,4.50299381875443e-08
COIL,2.49946467402127e-08,0.317593982930625,0.366,0.094,0.00037364497411944
REXO4,1.01993974223108e-06,0.316393553145213,0.366,0.114,0.0152470792066125
AL109811.3,1.72943188612191e-07,0.315667785459636,0.317,0.082,0.00258532772656364
DGKD,2.50405790059257e-06,0.314105719463355,0.537,0.213,0.0374331615559583
NAA15,1.76928705242443e-06,0.311220252099323,0.537,0.205,0.0264490721466928
BLOC1S4,1.2418548690128e-06,0.310962140808321,0.488,0.173,0.0185644884368724
CRY1,1.85858869713805e-13,0.309419190266171,0.317,0.048,2.77840424335168e-09
ITGB7,5.56163295784315e-07,0.309355044755967,0.366,0.108,0.00831408510867973
ABCA2,6.80538199299304e-15,0.305410757600161,0.22,0.022,1.01733655413253e-10
PHF1,1.75922918454799e-09,0.305272190046178,0.415,0.104,2.62987170798079e-05
TSTD2,6.1290062433707e-07,0.305239445796964,0.22,0.047,0.00916225143321487
PDE4D,5.3205235360227e-07,0.304633261624622,0.439,0.14,0.00795365063400033
NIP7,7.34253575160795e-09,0.304349813351127,0.341,0.081,0.000109763566950787
ZNHIT6,6.29150512400436e-07,0.300270604933929,0.341,0.098,0.00940517100987412
RGS1,9.14132806727273e-19,0.299907936438507,0.244,0.021,1.3665371327766e-14
PLEKHA1,5.39110115753415e-08,0.299870094146517,0.317,0.078,0.000805915712039779
CD160,1.60396531727587e-25,0.299858393240893,0.22,0.011,2.3977677527957e-21
DHRS1,6.23469917183834e-07,0.297574640988849,0.39,0.118,0.00932025179198114
MARCH9,2.03070198536112e-09,0.296525105343182,0.317,0.067,3.03569639791634e-05
ENC1,8.80786242620348e-09,0.296479225431133,0.366,0.09,0.000131668735409316
HELB,1.29668619401012e-09,0.295354158933601,0.415,0.102,1.93841619142573e-05
SLA2,1.4301897353505e-12,0.294465766292531,0.22,0.026,2.13799063537546e-08
FBXO44,5.40980697474644e-13,0.292503749917612,0.317,0.049,8.08712044654845e-09
KLRK1,2.70729972674224e-32,0.290471628440388,0.195,0.006,4.04714236150697e-28
BICDL1,3.43472519250829e-34,0.289996403704803,0.244,0.009,5.13457069028064e-30
TTC16,3.44460596149831e-41,0.288355799783135,0.171,0.002,5.14934145184382e-37
RAP1GDS1,1.5788230381423e-06,0.28183896507324,0.512,0.187,0.0236018255971893
TTC39B,1.96854985192057e-06,0.281623229902068,0.317,0.091,0.0294278517363606
SVIP,7.59900717553608e-09,0.281016925127467,0.415,0.109,0.000113597558267089
TGS1,3.54256608926177e-08,0.280013906257856,0.366,0.094,0.000529578204683742
CASK,8.98984029620561e-10,0.279646080648622,0.366,0.08,1.34389122587978e-05
PRR5,1.4137920011245e-07,0.27947177031125,0.244,0.051,0.00211347766248101
ZNF101,2.36484392731446e-10,0.279425148973295,0.341,0.069,3.53520518694239e-06
SLAMF6,5.60033744104604e-36,0.277990517375236,0.268,0.011,8.37194444061973e-32
YPEL1,4.45345165689561e-14,0.277508872704394,0.195,0.018,6.65746488189325e-10
SCML4,2.36704122799325e-17,0.277142977217435,0.22,0.018,3.5384899317271e-13
INSIG2,3.18571844827386e-07,0.275765323288177,0.341,0.094,0.00476233050832459
IL12RB1,1.52263068365012e-06,0.275424766917579,0.415,0.135,0.0227618060898857
ABHD17B,2.70083772366705e-08,0.274990246503075,0.366,0.091,0.000403748231310988
RGPD5,1.90798013213617e-06,0.273152967593852,0.293,0.08,0.0285223949953035
FAM102A,2.28464144317137e-11,0.272652799613702,0.244,0.035,3.41531049339688e-07
PPP3CC,1.09835158878868e-06,0.272082732461374,0.366,0.11,0.016419257900802
ZNF92,1.45955379797055e-07,0.271294735523803,0.39,0.108,0.00218188697258618
ZNF766,9.87685341742283e-07,0.270921571007959,0.366,0.11,0.0147649081737054
ARNTL,2.0002951215687e-06,0.268656557213524,0.415,0.136,0.0299024117723305
PRR5L,5.34040425781894e-07,0.266664650385069,0.22,0.046,0.00798337032501353
SLFN13,2.35304265016494e-16,0.266288872055319,0.22,0.019,3.51756345773157e-12
ATP2A3,5.33537663228975e-09,0.265777037831426,0.561,0.167,7.97585452760995e-05
TAB3,2.74081036093213e-06,0.263855140560371,0.463,0.162,0.0409723740855745
DNASE1,2.51756625430842e-07,0.262661005816703,0.22,0.044,0.00376350979356566
SP4,2.18288367672424e-13,0.262583875741795,0.268,0.035,3.26319280833507e-09
SHISAL2A,5.38118176229006e-33,0.262530700254702,0.22,0.008,8.04432861644741e-29
USP11,1.3793336433449e-06,0.262491571977226,0.268,0.07,0.0206196586343629
FASTKD2,3.17701724895772e-08,0.261777916792693,0.39,0.104,0.000474932308546689
RABL2B,2.9016904338544e-07,0.260926077414666,0.317,0.083,0.00433773702956894
LRBA,9.03153821633077e-07,0.260847041487853,0.39,0.12,0.0135012464795929
CARD11,1.02875661931619e-22,0.260724729282903,0.244,0.016,1.53788827021577e-18
ZNF141,1.94914074277203e-06,0.260474545627956,0.268,0.069,0.029137704963699
RNF157,1.05406661644101e-20,0.260068812697808,0.22,0.015,1.57572418491767e-16
CASP8AP2,3.70315251338574e-07,0.259595232427989,0.341,0.092,0.00553584269226035
MANF,2.8417696749717e-06,0.258786222559976,0.39,0.127,0.0424816148711519
MRFAP1L1,1.37041950964126e-06,0.258313094273368,0.293,0.079,0.0204864012496272
TARSL2,3.32735015833898e-08,0.258153058938587,0.341,0.084,0.000497405575170094
ZNF507,4.57474455187953e-13,0.251956320371585,0.171,0.015,6.8387856306047e-09
ANKRD36C,4.21699385361194e-08,0.251525703425656,0.293,0.065,0.000630398411176449
ACTB,3.09158489737867e-06,-0.343814223001518,1,1,0.0462161026309137
OAZ1,9.29299033481197e-07,-0.457934410900859,1,0.993,0.0138920912515104
GNAI2,1.43647596867043e-06,-0.560624374252677,0.976,0.969,0.0214738792556542
FTH1,2.33555326205354e-07,-0.56948310994802,1,1,0.00349141857144384
PSAP,9.76149817458663e-08,-0.614898580551667,1,0.991,0.00145924636211896
S100A4,6.97963381522081e-08,-0.643637221612318,1,0.996,0.00104338545903736
FKBP1A,2.10523294499591e-07,-0.648834253736376,0.927,0.921,0.00314711272947439
RNF130,2.6960590271316e-06,-0.66921096149545,0.878,0.889,0.0403033863965903
BRI3,6.53958160071219e-08,-0.671173814546109,1,0.957,0.000977602053490466
ASAH1,1.89151808224544e-06,-0.682381433415361,1,0.942,0.028276303811487
GSTP1,2.11545297285447e-06,-0.692034781152608,0.902,0.961,0.0316239064912015
CTSZ,5.51849449877423e-07,-0.725843745402753,0.805,0.849,0.00824959742621759
COTL1,7.17482208452027e-10,-0.726011958099154,1,0.994,1.07256415341494e-05
CTSS,7.01006644055165e-12,-0.754906323443926,1,0.999,1.04793483219807e-07
LGALS1,1.77132790003695e-06,-0.761487026630603,0.927,0.965,0.0264795807776524
FTL,5.16798761356573e-12,-0.763748535253186,1,0.999,7.72562468351942e-08
FCN1,3.58666618270876e-07,-0.764246600990559,0.951,0.962,0.00536170727653133
CD68,3.27925727337829e-06,-0.769593925051298,0.756,0.872,0.0490216169797321
SPI1,7.09125008836288e-07,-0.772799408133117,0.902,0.916,0.0106007097570937
AIF1,2.48117738300271e-06,-0.773448894307491,0.976,0.979,0.0370911206985074
FCER1G,6.91544342928494e-07,-0.797230848531644,0.927,0.969,0.0103378963824381
S100A6,5.54142167772799e-11,-0.801920190641977,1,0.999,8.28387126603557e-07
TKT,3.51815022380878e-09,-0.813012834319945,0.976,0.959,5.25928276957175e-05
TYROBP,1.10722181731428e-11,-0.832489577182284,1,0.993,1.65518589470312e-07
VIM,5.94379225932882e-09,-0.854563365121543,1,0.989,8.88537504847065e-05
CST3,1.68826293227739e-09,-0.8630085670667,1,0.995,2.52378425746148e-05
LYZ,7.8062103794964e-08,-1.0062968442199,1,0.994,0.00116695038963092
LST1,1.18851048621959e-09,-1.01036038525194,0.951,0.982,1.77670432584966e-05
CSTA,5.18292267586996e-09,-1.09650754787355,0.78,0.903,7.74795110815801e-05
